category,building_count,building_pc,area_sum,area_pc
Non-Vegetation,97,0.7950819672131147,23174.130510726827,0.735688707902388
Trees,17,0.13934426229508196,210.04544345991002,0.006668127670562546
Vegetation,8,0.06557377049180328,8115.737340393281,0.2576431644270495
